,SNP1,SNP2,SNP3,SNP4,SNP5,SNP6,SNP7,SNP8,SNP9,SNP10,SNP11,SNP12,SNP13,SNP14,SNP15,SNP16,SNP17,SNP18,SNP19,SNP20,SNP21,SNP22,SNP23,SNP24,SNP25,SNP26,SNP27,SNP28,SNP29,SNP30,SNP31,SNP32,SNP33,SNP34,SNP35,SNP36,SNP37,SNP38,SNP39,SNP40,SNP41,SNP42,SNP43,SNP44,SNP45,SNP46,SNP47,SNP48,SNP49,SNP50,SNP51,SNP52,SNP53,SNP54,SNP55,SNP56,SNP57,SNP58,SNP59,SNP60,SNP61,SNP62,SNP63,SNP64,SNP65,SNP66,SNP67,SNP68,SNP69,SNP70,SNP71,SNP72,SNP73,SNP74,SNP75,SNP76,SNP77,SNP78,SNP79,SNP80,SNP81,SNP82,SNP83,SNP84,SNP85,SNP86,SNP87,SNP88,SNP89,SNP90,SNP91,SNP92,SNP93,SNP94,SNP95,SNP96,SNP97,SNP98,SNP99,SNP100
Ind1,AA,AB,BB,BB,BB,AA,AA,BB,AB,BB,AA,BB,BB,AB,AA,AA,BB,BB,BB,AA,AA,AB,AB,AA,BB,AA,BB,BB,AA,AB,BB,AB,AA,AB,AA,AB,AA,AB,BB,AA,AB,AA,BB,AA,AA,AB,BB,AA,BB,AB,AA,BB,AA,AB,BB,AA,BB,BB,AB,AA,AB,AA,BB,BB,AB,AB,AB,AB,AA,BB,AA,AB,AA,BB,AA,AA,AB,BB,AB,BB,BB,AA,AA,AB,BB,AB,BB,AA,AB,AA,AA,BB,AA,AB,AA,BB,AA,BB,AB,AB
Ind2,BB,BB,AB,AB,AB,AB,AB,AA,BB,AB,AB,BB,AA,AB,BB,AB,BB,AB,AB,AA,BB,AA,AA,AA,AB,AA,BB,AB,BB,AB,AB,BB,BB,AA,AB,BB,AB,BB,BB,AA,BB,AB,BB,AB,AB,AA,BB,AA,AA,AB,AA,AA,AA,BB,AB,AA,BB,AA,BB,AA,BB,AA,AB,BB,BB,AA,AA,AB,AA,BB,AB,AB,AB,AB,AA,AB,AA,BB,AA,BB,AB,AA,AA,BB,AB,AA,AB,AB,AB,AB,AB,AB,AB,AB,AA,AB,AA,AB,BB,AB
Ind3,AB,AB,AA,BB,AB,BB,AA,BB,BB,AA,AB,BB,AB,BB,BB,AA,AB,BB,AB,AB,BB,BB,BB,AA,BB,AA,AB,AB,AB,BB,AB,AB,AB,BB,AA,AB,AA,BB,AA,BB,AB,BB,AB,AB,AB,AB,BB,AB,BB,BB,AA,AA,AB,AB,BB,AB,AA,AB,AB,BB,AA,AB,AB,AB,BB,BB,AA,BB,AB,BB,AA,BB,AA,BB,AB,AA,BB,BB,AA,AB,BB,AA,AA,AB,BB,AB,AA,AB,AB,BB,BB,AA,BB,AA,AA,BB,AB,AB,AA,AB
Ind4,AA,AB,BB,AA,AA,BB,AA,AA,AA,BB,BB,AA,AB,AB,AB,AA,AB,AA,AA,AA,BB,AB,AA,BB,AA,AB,BB,AB,BB,BB,AB,AB,BB,AA,BB,AB,AA,AA,AA,AB,AB,AB,AB,BB,AA,AA,AB,AA,AA,BB,AA,BB,BB,BB,AB,AA,AA,AA,BB,AA,BB,BB,AA,AA,BB,AA,BB,BB,AB,AB,AA,AA,AA,AA,BB,AA,BB,AB,AA,BB,BB,AB,AB,BB,AA,BB,AB,AB,AA,BB,BB,AB,BB,AA,AA,BB,AA,AB,AB,AB
Ind5,AA,AB,AB,AA,AA,AA,BB,AB,BB,AB,AA,AA,AB,AB,BB,AB,AB,AB,BB,BB,AB,BB,BB,BB,AA,AB,AB,AB,AB,AB,AB,AB,AA,BB,BB,AB,AA,BB,AB,BB,AA,BB,BB,BB,AA,AA,AA,BB,AA,AA,AA,BB,AA,AA,BB,AA,BB,AB,AB,AB,BB,AA,AB,AB,BB,AB,AB,AB,BB,AB,AA,BB,AB,AB,AA,BB,AB,AB,AB,AA,AB,AA,AB,AA,AA,BB,BB,AB,AB,AA,BB,AB,AB,AA,BB,AA,AB,BB,AA,AA
Ind6,AB,AA,AA,BB,AB,AA,BB,BB,AB,AB,AA,AB,BB,AB,AB,AB,AB,BB,AA,AB,AA,AA,AB,AA,AB,BB,AB,AB,AB,BB,BB,AA,AA,AA,AA,BB,AA,BB,BB,AB,AA,AB,AB,BB,AA,AB,AA,AB,AB,AA,BB,AA,BB,AA,AB,AA,BB,BB,AA,AA,AB,AB,AA,AB,BB,BB,AB,AB,AB,BB,BB,AB,BB,AB,AB,AA,BB,AB,BB,AB,AB,AA,AB,BB,AA,AA,AA,AB,BB,AB,AB,AA,AA,BB,BB,AA,AB,BB,AB,AB
Ind7,AB,BB,AB,AB,AA,AB,AB,BB,BB,BB,AA,BB,AA,AB,BB,BB,AB,BB,BB,AB,BB,AA,AA,AA,AB,BB,BB,BB,AA,AB,AB,AB,AB,AB,BB,AA,AB,AB,BB,AA,AB,AA,AB,AA,AA,AB,AA,AA,BB,BB,AB,AA,BB,AB,AA,AB,AA,BB,AB,AA,BB,AB,BB,AA,AB,AB,BB,AB,AB,AB,AA,BB,BB,AB,BB,BB,BB,AB,BB,BB,AB,AB,AB,AB,BB,BB,AA,BB,AB,BB,BB,AB,AB,BB,BB,AA,BB,AA,AB,AA
Ind8,AB,BB,AB,AA,AA,AA,AB,BB,AA,AA,AA,BB,AB,AA,AA,AA,AB,AB,AA,AA,AA,BB,BB,AA,AA,BB,BB,AB,AB,AB,BB,AA,AB,AA,AA,AB,BB,AA,AB,BB,AB,BB,AA,BB,AA,AA,BB,AB,AB,AB,AA,AA,BB,BB,AB,AB,BB,AB,BB,AB,AA,AA,AA,AA,BB,BB,BB,AB,BB,AB,AB,AA,AB,AB,BB,AA,AB,AA,AB,AB,BB,AA,BB,BB,BB,AA,AB,AB,BB,BB,AB,AA,BB,BB,AA,BB,BB,AB,BB,AA
Ind9,AB,BB,AA,BB,AA,AA,BB,BB,AB,BB,BB,AB,AB,AA,BB,AA,AB,BB,AB,AB,BB,AA,BB,BB,BB,AA,AB,AB,BB,BB,AA,BB,AA,AA,BB,AA,BB,AB,BB,AB,AB,AB,AA,BB,BB,AB,AA,BB,AB,AA,BB,AB,AB,AB,BB,AB,BB,AB,AA,AB,BB,BB,AA,BB,BB,AB,BB,AB,AB,BB,AB,AB,AA,AB,AB,AA,BB,AA,AB,AA,AA,AA,BB,AA,AB,BB,BB,BB,BB,AB,AB,BB,AB,AB,AA,AA,BB,BB,AA,AA
Ind10,AB,AA,AB,BB,AB,BB,AA,AA,BB,AB,AB,BB,BB,AB,AB,BB,AA,AB,AA,AB,AB,AA,AB,AB,AA,BB,AA,AA,AB,AB,AB,AA,AB,AA,AA,AA,AA,AA,BB,BB,AB,BB,BB,AA,AA,AB,BB,AA,AA,BB,BB,AB,AA,AA,BB,AB,AB,AA,AB,BB,BB,AB,BB,BB,AB,AA,AA,AA,BB,AB,AA,AA,BB,AA,BB,BB,BB,AB,AB,BB,BB,BB,AB,AB,BB,BB,BB,AA,BB,AA,AA,AB,BB,AB,BB,BB,BB,AB,AB,BB
Ind11,AA,AA,AA,BB,BB,BB,AA,AB,AA,AA,AA,BB,AB,AB,AB,AA,BB,BB,AB,BB,AB,AA,AA,AA,AA,BB,BB,BB,AA,BB,AB,AB,BB,AA,AA,AA,AA,AB,BB,BB,AA,AA,AB,AB,BB,AA,AB,AA,BB,AB,AB,AA,AA,BB,AB,AB,AB,AA,BB,AB,AB,BB,BB,AB,AA,AB,BB,AA,AA,BB,AB,AA,AA,AB,BB,AA,AA,AB,BB,AB,AA,AB,BB,AA,BB,AB,AB,AA,BB,AA,AA,AA,AB,BB,AB,AA,AB,AB,BB,AA
Ind12,AB,AA,BB,AB,AB,BB,AA,AA,AA,AB,BB,BB,AA,AA,AA,BB,AA,BB,AB,BB,AB,BB,BB,AB,BB,BB,AB,AB,AA,BB,AA,AA,BB,AA,AA,AB,AA,AB,BB,BB,AA,AB,BB,AB,AA,BB,AB,AA,AB,AA,AB,BB,BB,BB,BB,BB,BB,AA,AA,BB,AB,BB,AA,AA,AA,AA,AA,AA,BB,AA,AB,BB,BB,AB,AB,AA,AB,BB,BB,AB,AB,BB,AA,BB,AA,AA,AB,BB,BB,AA,AB,AA,BB,BB,BB,BB,AB,AA,AA,AA
Ind13,AB,BB,AA,BB,AA,BB,AB,AA,AA,BB,AA,AB,AB,AB,AA,AA,AB,AA,AA,BB,AA,AB,BB,BB,AA,AB,BB,AA,AB,BB,AB,AA,AB,AA,AB,AA,AB,AB,AA,BB,AB,BB,AB,AB,AB,AA,BB,AB,BB,AB,AB,AA,BB,AA,BB,AB,AA,AB,AB,BB,AA,BB,BB,BB,BB,AB,AB,AB,AB,BB,BB,AB,AA,BB,BB,AB,AB,AB,BB,AB,AA,AB,BB,AA,AB,AB,BB,BB,AA,AB,AA,AB,AA,AB,BB,AA,AA,BB,BB,BB
Ind14,AB,BB,BB,AB,AA,AB,BB,AA,BB,AA,AA,AA,AB,BB,BB,BB,AB,AA,AA,AB,BB,AA,AA,AB,BB,AA,AA,AB,AA,BB,BB,AA,AB,AA,AB,BB,AB,AA,AA,BB,AB,AA,AB,BB,AA,AB,AB,AA,BB,AB,AB,AA,AB,BB,AA,AA,BB,BB,AA,AA,AA,AB,AA,AB,AA,AA,AA,AB,AA,AA,AB,BB,BB,AA,BB,BB,BB,AB,AB,AB,AB,AA,AB,AB,AB,AB,BB,BB,AB,AA,AA,BB,AA,AB,AA,BB,AA,AB,AA,BB
Ind15,AB,BB,AB,AB,AA,BB,BB,BB,AA,AB,AB,AA,BB,AA,BB,AA,BB,AA,AB,AA,AB,BB,BB,AB,AB,BB,BB,AA,AB,BB,AB,AA,AA,BB,BB,BB,AA,AB,BB,AA,AA,AB,AB,AB,BB,AA,AB,AB,AB,BB,AA,BB,AB,BB,AA,AA,BB,AB,AA,AB,BB,AA,AA,AA,BB,BB,AB,AB,AB,AB,AB,AB,AB,AB,AB,AB,AB,BB,BB,AA,AA,AB,BB,AA,AA,BB,BB,AB,BB,AA,BB,AA,BB,AB,BB,AA,AA,AB,BB,AB
Ind16,BB,AB,AB,AA,BB,AB,AA,BB,AB,AB,BB,AB,AA,BB,BB,AA,AB,BB,BB,BB,BB,AB,BB,AB,AB,AB,AA,BB,BB,AA,AA,AB,AB,BB,AB,AB,AB,AA,AB,BB,AB,AA,AB,AA,AB,BB,BB,AB,AA,BB,BB,AB,BB,BB,AB,AB,BB,AA,AB,AA,BB,AB,AB,AA,AA,AA,AB,BB,BB,AA,AB,BB,AA,AB,BB,AA,BB,AB,AB,AB,BB,AB,AA,AA,AA,AA,AA,AA,BB,AA,AB,BB,BB,BB,AA,AA,AA,AA,AB,AA
Ind17,AB,BB,AA,BB,BB,BB,AB,BB,AA,AA,BB,AB,AB,AA,AB,AA,AB,BB,AA,AB,BB,BB,BB,BB,AA,BB,BB,AA,AA,AA,AB,BB,AB,BB,AA,AA,BB,AA,AA,AB,BB,BB,AA,AB,BB,AB,AA,BB,AA,AB,BB,BB,AA,AA,AA,AA,AB,AB,AB,AA,AA,AB,BB,AA,AB,BB,AA,BB,AB,BB,BB,AB,BB,BB,BB,AA,AB,AA,BB,AB,AB,AA,AB,BB,BB,AB,AA,AB,AB,AA,AB,AB,AB,AA,AA,BB,BB,AA,AA,AA
Ind18,BB,BB,BB,AA,AB,AB,AB,AA,AA,BB,BB,AA,BB,AB,AA,AB,BB,AB,AA,AB,BB,BB,AA,BB,BB,AB,AB,AA,AA,AA,BB,AB,AB,AA,BB,BB,AA,AB,AB,AB,AA,AB,BB,AB,AB,BB,AA,AB,BB,AB,AB,BB,AA,AA,AA,BB,BB,BB,AA,AB,BB,AA,AB,AB,AA,AB,AB,BB,AB,AB,BB,BB,AA,BB,BB,BB,BB,BB,AB,AB,BB,AB,BB,AB,AA,AA,AB,BB,AB,AB,AA,AA,BB,AA,AA,AA,AB,AA,AB,AB
Ind19,BB,AB,AB,AB,AB,BB,AB,BB,AA,AA,BB,BB,BB,AA,BB,BB,AA,AA,AA,AA,AB,AB,BB,AB,AB,BB,AA,AB,BB,AA,BB,BB,AA,AB,AA,BB,AB,AA,AB,AB,BB,AA,AA,AA,AA,AA,AA,BB,AB,AB,AA,AA,AB,AA,AB,AA,BB,AA,BB,AB,AB,BB,AA,AA,AB,AA,AB,AB,BB,AB,AB,BB,AB,AB,AB,BB,BB,BB,AB,BB,AA,AA,BB,AB,AB,BB,AA,BB,AB,BB,AB,AB,AB,BB,AB,AA,AA,AA,BB,AB
Ind20,AA,AA,BB,AA,BB,AA,BB,AB,AB,AA,AA,BB,AB,AA,AA,AB,BB,AA,AA,AB,AA,AB,AB,AB,BB,BB,AB,BB,AB,AB,AB,AA,BB,AA,AA,AB,AB,BB,AB,AB,AB,AB,AA,BB,BB,BB,AB,AA,AB,AA,BB,BB,BB,BB,AB,AA,BB,AA,AB,BB,AB,AA,AA,BB,AB,AA,AA,AA,AA,AA,AA,BB,AB,AB,AB,AA,AA,AA,AA,BB,BB,BB,AB,AA,BB,AA,AB,BB,BB,BB,AA,AB,AA,BB,AB,AB,BB,BB,AA,BB
Ind21,AB,AA,AB,AA,BB,BB,AB,AB,AB,AB,BB,AA,AA,AB,AB,AB,AA,AA,BB,BB,AB,AB,BB,AA,BB,BB,AB,AA,AA,AB,BB,AB,AB,AB,BB,BB,AB,BB,AB,AA,BB,AA,BB,BB,BB,AA,AB,AA,AA,AB,BB,BB,BB,AA,BB,BB,AA,AB,AB,AB,BB,AB,BB,BB,AB,AB,BB,AA,AB,BB,AA,AA,AA,BB,AB,BB,BB,BB,BB,AB,AA,AA,AA,AB,AA,BB,AB,BB,AB,AB,BB,AA,AA,BB,AB,BB,AA,AB,BB,AB
Ind22,BB,AB,BB,BB,BB,AB,AB,AB,AA,AA,AB,AA,AA,AB,AB,AB,AB,AA,BB,AB,AB,BB,AA,AA,AA,BB,AB,AB,AA,AB,BB,AB,BB,AB,BB,AA,AB,AA,BB,BB,AB,BB,AA,AA,AA,AA,AA,AB,AA,AA,AB,AB,AB,AB,AA,AB,AA,AA,AB,AA,AA,BB,BB,BB,BB,AB,BB,AB,BB,BB,BB,BB,AB,BB,AA,AB,AA,AB,BB,AA,AB,AA,AB,BB,AB,BB,AB,AA,AB,AB,AA,BB,AA,BB,AA,BB,AA,BB,AA,AB
Ind23,AB,AA,AB,BB,BB,BB,AA,AB,AA,AB,BB,BB,BB,BB,BB,AB,BB,BB,BB,AB,BB,BB,AA,AB,BB,BB,AB,AA,BB,AB,AB,AA,AB,BB,BB,AB,AA,AB,AB,AA,BB,AA,BB,AA,AA,AA,AA,BB,AB,AA,AB,BB,BB,AA,AB,AA,AB,AB,BB,BB,AA,AA,BB,AB,AA,BB,BB,BB,BB,AA,AA,AA,AA,AB,BB,AA,AA,BB,AA,AA,BB,AA,BB,AA,AA,BB,BB,AA,AA,BB,AA,AA,AA,BB,BB,AB,AB,BB,AA,BB
Ind24,BB,AB,BB,AA,AB,AB,AA,AB,AA,AB,AB,BB,AA,AA,BB,AA,AA,BB,BB,BB,AA,AB,BB,BB,BB,AA,AB,AA,AA,BB,AB,AB,AA,AA,AB,AA,AA,AB,BB,BB,AB,AA,AB,AB,AB,AB,BB,AA,AB,AA,BB,AA,AA,AB,AB,BB,BB,AA,AB,BB,AB,BB,BB,AB,BB,AB,AA,BB,BB,AB,AA,AB,AA,BB,AA,AB,AA,AB,BB,AA,BB,AA,BB,AB,BB,AB,AB,BB,BB,AB,BB,BB,BB,AB,BB,BB,BB,AB,BB,AB
Ind25,AB,AB,AA,AB,BB,BB,AA,AB,AA,AB,AB,BB,AA,AB,AB,AA,AB,AB,AA,BB,BB,BB,BB,BB,AB,AA,BB,AB,BB,BB,BB,BB,AA,AA,BB,AA,AB,AB,BB,BB,AA,AB,AA,AB,AB,AB,AA,AB,AA,AB,AA,AA,AB,AB,AB,AB,BB,AA,AB,AB,BB,AA,BB,AB,AA,BB,BB,AA,BB,AB,AB,AB,AA,BB,BB,BB,BB,AB,AA,AA,AB,AB,AB,AA,BB,AA,AB,BB,BB,BB,BB,AB,AA,BB,BB,AA,AB,BB,AA,AB
Ind26,AA,AB,AB,AA,AA,AB,AA,BB,AA,AB,BB,AA,AA,AA,AA,AA,BB,AA,AB,AA,AA,BB,AB,BB,AB,BB,BB,AA,AB,BB,BB,AB,AB,AA,BB,AA,BB,AA,AB,BB,BB,AB,BB,BB,AB,AA,AA,BB,AB,AA,AA,BB,BB,BB,BB,BB,AB,AB,AB,AA,AA,AB,AB,AB,BB,AA,AB,AA,BB,AA,BB,AB,AA,BB,BB,AB,AB,AA,BB,AB,BB,AA,BB,BB,AB,AB,AA,BB,BB,AA,AA,AB,AA,BB,AA,AB,AB,AA,BB,BB
Ind27,AA,AB,AA,BB,BB,BB,AA,AA,AA,BB,BB,AA,AA,BB,AB,AB,AB,AA,BB,BB,AB,AB,AB,BB,BB,BB,BB,AB,AA,AA,AA,AB,AA,BB,AB,AB,AB,AB,BB,AA,BB,AA,AB,AB,AA,AA,BB,AB,AB,AB,AB,AB,AA,AB,AB,AB,AB,AB,BB,AB,BB,AA,AB,BB,AA,AA,BB,AB,AA,BB,AB,AA,AB,BB,BB,AA,AA,AB,AA,BB,AA,AA,AA,AB,AA,BB,AA,AB,AA,AA,AB,AA,AB,AA,BB,AB,AB,AA,AA,AB
Ind28,AA,BB,BB,AB,AB,AA,AA,AB,AB,AB,AA,AB,AB,BB,BB,AB,BB,AB,BB,AB,BB,BB,AA,AB,AB,AA,AB,AA,BB,AA,AA,AB,AA,AB,AB,AB,BB,AB,AB,BB,BB,AB,AA,AA,AB,AA,AB,BB,BB,BB,AB,AA,AB,AB,BB,BB,AA,AA,BB,AB,AA,AB,AB,AB,BB,BB,BB,AA,AA,BB,BB,AB,AB,BB,AA,AB,AB,AB,BB,AB,AB,AB,AA,AA,AA,AB,AA,AB,BB,AA,AA,BB,AB,BB,BB,BB,AB,BB,BB,AA
Ind29,AB,AB,AB,AA,BB,AA,BB,AA,AA,AB,AA,BB,BB,BB,BB,AA,AB,AA,BB,AA,AB,BB,AB,AB,AA,AB,AA,BB,BB,AB,BB,AB,AA,BB,AB,BB,AA,AB,AB,AA,AA,AA,AB,AB,AA,BB,AB,AB,AB,AB,BB,BB,AA,AA,BB,AB,AA,AB,AB,AB,AB,BB,AA,AA,AA,BB,AA,BB,BB,BB,BB,AA,BB,AA,AA,AB,AB,BB,BB,AA,BB,AB,AB,AB,AA,AA,BB,AB,BB,BB,AA,BB,AB,BB,AA,AA,AA,BB,AA,AA
Ind30,BB,BB,AB,BB,AA,BB,AA,AB,AB,BB,BB,BB,AA,AA,AB,BB,AA,AB,BB,AB,AA,BB,BB,BB,BB,AA,AA,BB,AA,AA,BB,AB,BB,BB,AA,AA,AA,AB,AA,AA,AB,AA,AB,AA,AA,BB,BB,BB,BB,BB,AB,AB,BB,BB,AA,AA,AB,AA,BB,AA,BB,AA,AA,BB,AB,BB,AA,AB,AB,BB,AA,BB,AA,AB,AB,AA,BB,BB,BB,AB,AB,AA,AB,AB,BB,BB,BB,AB,AA,AA,AB,AA,AB,AB,AB,AA,AB,BB,BB,AB
Ind31,BB,AB,BB,AA,AA,BB,AA,AA,AA,AA,AA,BB,AB,BB,AB,BB,AB,AB,AA,AA,AA,BB,BB,BB,AB,BB,AB,BB,AB,BB,AB,BB,AB,AA,AB,AB,AB,AA,AB,AA,BB,AB,BB,AB,AB,AB,BB,AB,BB,AB,BB,AB,AA,AB,AB,AA,AB,BB,AA,BB,BB,AB,AB,AA,BB,BB,BB,BB,AA,BB,BB,AA,AA,AB,AB,BB,AB,AA,AA,BB,AB,BB,AA,BB,AA,BB,AA,AA,BB,AB,BB,AA,AA,AB,AB,BB,AB,AB,AB,AA
Ind32,BB,BB,AA,AB,AB,AA,BB,AB,BB,BB,AB,BB,BB,AA,BB,BB,BB,BB,AB,AB,AB,BB,AB,BB,BB,AA,AB,AA,AA,AB,AB,AB,BB,BB,BB,BB,AA,BB,AB,AB,AB,AA,AA,AA,AB,AA,AB,AB,BB,AA,BB,BB,BB,BB,AB,AB,AA,AB,BB,AB,AB,AA,BB,AA,AB,AA,AA,AA,BB,BB,BB,AB,AA,AB,BB,AA,AA,BB,AA,BB,AB,BB,BB,BB,AB,AA,AB,AA,AB,AB,AA,AA,BB,AB,BB,BB,BB,AB,AB,AB
Ind33,BB,AA,AA,BB,AA,BB,AB,AA,BB,AA,BB,AA,AB,BB,AA,BB,BB,AB,AA,BB,AB,AB,AA,AB,BB,AA,AA,AA,AA,AA,BB,AB,AB,AB,BB,AA,AA,BB,BB,AA,AB,AB,AB,AB,BB,BB,AA,AA,BB,BB,AA,BB,AB,AA,AB,BB,AB,BB,AB,AA,BB,AB,BB,AB,BB,BB,AA,AB,BB,AA,AB,AB,BB,BB,AA,BB,AB,AB,AA,AB,AA,AA,BB,AB,AA,AB,AB,BB,AB,AB,AA,AA,AB,BB,AB,AA,BB,AB,AA,AA
Ind34,AA,BB,BB,BB,AB,AA,AB,BB,AA,AA,AB,AB,BB,BB,BB,AB,BB,BB,AB,AA,BB,AA,AA,BB,BB,AA,AB,AA,BB,BB,BB,AB,AB,BB,BB,AA,BB,AB,AA,AA,BB,AA,AA,AB,BB,BB,AA,AA,AA,AA,AB,AB,BB,AB,BB,AB,BB,BB,AB,AA,AA,AA,AA,AA,AA,BB,AA,AB,AA,AA,AB,AB,AB,AA,AB,AA,AA,AB,AA,AB,AB,AB,AB,AA,AB,AB,AB,AA,BB,AA,BB,BB,AA,AA,AB,AA,BB,AB,AA,AA
Ind35,BB,BB,AB,AB,AB,AA,AB,AA,AA,BB,AB,BB,AA,AA,AB,AA,AA,AB,AB,BB,BB,AA,AB,AA,BB,BB,BB,AA,AA,AB,AA,AA,BB,AA,AB,AA,AA,AA,AA,AA,BB,AA,AA,AB,AB,AA,AB,BB,BB,AA,BB,AB,AA,AB,AA,AB,AB,AA,AA,BB,AA,AA,AB,BB,AB,AB,BB,AB,AB,AB,AA,AA,BB,AB,AA,BB,AA,AB,AA,BB,AB,AB,AA,AA,AB,AA,AB,AA,BB,BB,AA,AA,AB,BB,BB,BB,BB,AA,BB,AB
Ind36,BB,AA,AB,AB,AA,AB,BB,AA,AB,AB,BB,AA,AB,AA,BB,AA,AA,AB,AA,BB,AB,AA,BB,AA,BB,BB,AA,AB,AA,AB,AA,BB,AB,AB,AA,AB,AA,AA,AB,AB,AB,AA,BB,AB,AB,AB,BB,AB,AB,AA,BB,AA,BB,BB,AB,AB,AA,AB,AA,AA,AA,AA,AA,AB,AB,AA,AB,AA,AA,BB,BB,AB,AB,BB,BB,AA,BB,AB,BB,AA,BB,AB,AB,AA,BB,AB,BB,BB,AB,AB,BB,AB,AA,AB,AB,AA,AB,AA,AA,BB
Ind37,AA,AB,BB,AB,BB,BB,AB,BB,AB,AB,AA,AB,BB,AB,AA,AB,AB,AB,AA,AA,AA,AB,AB,AB,AB,BB,BB,AB,AA,BB,AA,BB,AB,AA,BB,AB,AA,AA,AB,AB,AA,BB,AA,BB,AB,AA,BB,BB,AB,AA,AB,AB,AA,BB,AB,AA,AA,AA,AA,AB,BB,AA,AB,AB,BB,BB,AB,AA,BB,BB,BB,AA,BB,AA,AA,BB,BB,AA,AB,BB,AB,AB,AA,AB,AA,AA,BB,AB,BB,AB,BB,AA,AA,BB,AB,AA,AA,AA,AB,AA
Ind38,AB,AB,BB,BB,AA,AA,AA,AB,BB,AB,BB,BB,BB,AA,BB,BB,AA,AA,BB,BB,BB,AA,AA,AB,AB,BB,BB,AA,BB,BB,AB,AB,BB,AB,BB,AB,BB,AB,AB,AB,AB,BB,AB,AA,AA,AB,AB,BB,AA,AB,AA,BB,BB,AA,AA,AB,AA,BB,AA,AA,AB,AA,AB,AB,AA,BB,AB,AB,BB,AB,BB,AB,AA,AB,BB,BB,AB,AB,AB,AB,AB,AA,BB,BB,BB,AB,AB,AA,BB,AB,AB,AB,AA,AA,AA,AA,AB,AA,AA,BB
Ind39,AA,BB,AB,AB,AA,BB,AA,BB,BB,AA,BB,BB,AA,AA,AA,AA,BB,AA,BB,AA,AA,BB,AB,AB,AA,BB,BB,AA,AA,AA,BB,AA,BB,BB,AB,BB,AB,BB,AA,BB,AB,AB,BB,BB,AA,AA,AB,BB,BB,AA,AA,AA,BB,BB,AB,AB,AB,BB,AB,AB,BB,AB,AA,AA,BB,BB,AB,BB,BB,BB,AB,AA,AB,BB,AA,AA,AB,BB,AB,AA,BB,AB,BB,AA,AA,BB,BB,AA,BB,BB,AB,BB,BB,AA,BB,AB,AA,AB,AA,BB
Ind40,AA,BB,AA,AB,BB,BB,BB,AA,BB,AB,AB,BB,AB,AA,AA,BB,BB,BB,BB,BB,AB,AB,AA,AA,BB,AB,AA,AB,AB,AB,AB,AA,AA,AB,AA,AB,BB,AB,AB,BB,BB,BB,BB,AB,AB,BB,AB,AB,BB,AA,BB,AA,AB,AA,AA,BB,AB,AB,AB,AB,BB,AB,AB,BB,AA,BB,AB,AB,BB,BB,BB,AA,BB,AA,BB,AA,AB,AB,BB,AB,AA,AA,BB,BB,AB,BB,BB,BB,AB,AB,AA,BB,AB,AB,AA,BB,AA,AB,AA,AB
Ind41,BB,AA,BB,AB,BB,AA,AB,AB,AB,BB,AA,AA,AB,AB,BB,AB,AA,BB,BB,BB,AB,BB,BB,BB,AB,AB,AB,AB,AB,AB,AB,BB,AA,BB,AA,BB,BB,AA,AB,BB,BB,AA,AA,BB,BB,BB,BB,AB,BB,AB,AB,BB,AA,AA,BB,AA,AB,AA,AB,AA,AA,BB,AB,BB,BB,AA,BB,AA,AA,BB,AA,AB,AA,BB,BB,BB,AB,AA,BB,BB,BB,AB,BB,AA,BB,BB,BB,AA,AA,AB,AB,AA,AA,BB,AB,AA,AB,AA,BB,BB
Ind42,BB,AA,AA,AA,BB,BB,AB,AB,BB,BB,AB,BB,BB,AA,AB,AB,AB,AA,AA,BB,AA,AA,AA,BB,AB,AA,AB,BB,AA,AB,AA,AB,AA,AA,AB,AA,BB,BB,AB,AB,AA,AA,BB,AB,AB,BB,AA,AA,BB,BB,AB,BB,AB,BB,AB,BB,AA,AA,AB,BB,AA,AB,AB,AB,AB,AB,AB,AB,BB,AB,AA,AB,AB,AB,BB,BB,AA,AA,AA,BB,AB,BB,BB,BB,BB,BB,AA,AA,AA,BB,AA,AA,AB,AA,AA,AA,AA,AB,AA,AA
Ind43,BB,BB,AA,AB,AB,AA,AB,BB,AA,AA,AA,AA,AB,BB,AA,BB,AA,AA,BB,AA,AA,AA,AA,AB,AA,AB,AB,BB,AB,AB,AB,AA,AB,AA,BB,AA,AA,AB,BB,AB,BB,BB,AB,BB,AA,AB,AB,AA,BB,BB,BB,AB,AB,BB,AB,AA,AA,AB,AB,AB,BB,AA,AA,AB,AB,BB,AA,AA,AB,AB,BB,BB,BB,BB,AA,BB,BB,BB,BB,AA,AB,AA,AA,AB,BB,AB,AB,AB,AA,AA,AB,AB,AB,AB,AB,BB,AB,BB,BB,BB
Ind44,BB,AB,AB,AB,AB,BB,AB,AA,BB,AB,BB,AB,AA,BB,BB,BB,AA,AB,AB,AB,AA,AA,BB,AB,BB,AB,AA,BB,AB,AA,AA,BB,AB,BB,AA,AB,BB,AA,AA,BB,AA,AB,BB,BB,AA,AA,AA,AB,AB,AA,AB,AB,AA,AA,AB,AB,AA,BB,AB,AB,AB,BB,AA,AB,AA,AA,BB,AA,BB,AB,BB,AA,BB,AB,BB,BB,AB,AA,AB,AA,BB,AB,AA,AB,AA,AB,AB,AA,BB,AB,AB,BB,AB,BB,AA,AB,BB,AA,AB,BB
Ind45,AA,AA,AB,BB,AA,AB,AB,BB,AB,AA,AA,AA,AA,AA,BB,BB,AB,BB,AB,AA,AB,BB,AA,AA,AB,BB,AB,AB,AB,AB,BB,BB,BB,AA,BB,BB,AA,AA,AA,AA,BB,BB,AA,BB,BB,BB,BB,AB,AA,AB,BB,BB,AB,AB,AA,BB,AB,BB,AB,AB,AB,AA,BB,AA,AB,AB,BB,AA,AB,AB,BB,AA,AA,BB,BB,AA,AA,BB,BB,AA,AB,AB,AA,AA,AA,AA,BB,AA,AA,AA,AA,BB,AA,BB,AB,BB,AA,AB,AA,AB
Ind46,BB,BB,AB,BB,AB,AB,BB,AA,AB,AA,BB,AA,AA,BB,BB,AB,BB,AB,BB,AA,AB,BB,AA,BB,AB,AA,AA,BB,BB,AA,AA,AB,BB,AA,AA,AA,AB,BB,AB,AA,AA,AA,AB,AA,AA,AA,BB,BB,AB,BB,AA,BB,BB,AB,BB,BB,AA,BB,BB,AA,AA,AA,AA,AB,AB,AA,AB,AA,AA,AA,AA,BB,AB,AB,BB,BB,AA,AA,AA,BB,BB,AA,AA,AA,AB,AB,AB,AB,AB,AB,AA,BB,BB,AA,BB,BB,AB,AB,BB,AB
Ind47,AA,AB,BB,AB,AB,AB,BB,AA,AB,BB,AB,AA,BB,AA,BB,BB,AB,BB,BB,AA,BB,AB,AB,BB,AA,AB,AB,AB,AB,AB,AB,BB,BB,AB,AB,AA,AB,AA,BB,AB,AA,BB,AB,AB,AB,AB,AB,AA,AA,BB,AA,AA,AA,AB,BB,AB,AB,AA,AB,AA,AA,AA,AA,AB,AA,AB,AA,AA,AA,BB,AB,BB,BB,AA,AB,AB,AB,AA,BB,AB,AB,AB,AA,AB,BB,AA,BB,AB,BB,AB,AB,AB,BB,BB,AA,AB,AA,AB,AB,AB
Ind48,AA,BB,BB,BB,AB,AA,AB,BB,BB,BB,BB,AB,AB,BB,AB,BB,AB,AA,AB,AA,BB,BB,AB,AA,BB,AA,BB,BB,AA,AB,AB,BB,AB,BB,AB,BB,AA,AB,AA,BB,BB,BB,AB,BB,AA,AB,AA,AB,AB,AB,AA,AA,BB,AB,BB,AB,AA,BB,AA,AB,BB,AA,BB,AB,AA,BB,AA,AA,AB,BB,AA,AA,AB,AB,BB,BB,AA,AA,AB,AA,AB,AA,AA,BB,BB,BB,AA,AB,AB,AB,BB,AA,BB,AA,AB,AB,AA,AA,AA,AA
Ind49,AB,BB,AA,AB,AB,AA,BB,AB,AA,BB,AB,AA,AB,AA,BB,AB,BB,BB,BB,AB,AA,AB,BB,BB,AB,AB,AA,BB,AA,AB,AA,AB,AB,AA,BB,AB,BB,AB,AA,AB,AA,AA,AA,AB,AB,BB,AA,BB,BB,BB,AA,AA,AB,AB,AB,AB,AB,AB,AB,AB,AB,AB,AB,BB,AB,BB,AB,AB,AB,BB,AA,AB,BB,AA,AA,AA,AB,AA,BB,AB,AB,AA,AB,BB,AA,BB,BB,AA,AA,AB,BB,AA,AB,BB,AB,AB,AB,AA,BB,BB
Ind50,AA,AA,BB,AA,AA,BB,BB,AB,BB,AB,AB,AB,AB,BB,BB,AB,AB,AB,BB,BB,AA,BB,BB,AA,BB,BB,AA,AA,AA,AB,AB,BB,BB,BB,BB,BB,AB,AA,AA,AA,AB,AB,AB,BB,AB,BB,AA,AA,BB,BB,AA,AB,AA,AB,AB,AA,AB,AA,BB,AB,BB,BB,AA,AB,BB,AB,AA,AA,AA,BB,AA,BB,AB,AB,AB,BB,AB,BB,BB,AA,AA,AB,BB,AB,BB,AB,BB,BB,AA,AA,AB,AB,AA,BB,BB,AB,AB,BB,BB,AB
